rieker-shop.be,torfs
samenfittorfs.be,torfs
schoenentorfs.be,torfs
schoenentorfs.nl,torfs
sterkinjeschoenen.be,torfs
torfs.be,torfs
torfs.nl,torfs
torfssuppliers.be,torfs
volkskrant.nl,devolkskrant
digipass.es,vascomobileproducts
hoplr.com,hoplr
kuleuven.be,kuleuvenlogin
vasco.com,vascoserver-sideproducts
uzleuven.be,uzleuven
cognito-idp.eu-west-1.amazonaws.com,tomorrowland
sp1y1tpaf1.execute-api.eu-west-1.amazonaws.com,tomorrowland
tomorrowland.com,tomorrowland
weareone.world,tomorrowland
kuleuven.be,onlineinschrijvingenbetalingstoepassing
jooki.rocks,jooki
muuselabs.com,jooki
9lives.be,telenetgroup
base.be,telenetgroup
telenet.be,telenetgroup
telenethotspot.be,telenetgroup
telenetsafespot.com,telenetgroup
yelo.be,telenetgroup
yeloplay.be,telenetgroup
twago.com,twago
twago.de,twago
twago.es,twago
twago.fr,twago
twago.it,twago
binaryws.com,derivcom
deriv.app,derivcom
deriv.com,derivcom
github.com,derivcom
hardware.info,hardwareinfo
hwigroup.com,hardwareinfo
hwigroup.net,hardwareinfo
brusselsairlines.com,brusselsairlinesbookings
napoleoncasino.be,napoleongames
napoleondice.be,napoleongames
napoleongames.be,napoleongames
napoleonsports.be,napoleongames
intigriti.com,intigriti
intigriti.io,intigriti
intigriti.me,intigriti
kuleuven.be,print&scan
mynexuz.be,mobile apps
nexuzhealth.be,mobile apps
kuleuven.be,kuleuven-wwwkuleuvenbe
kinepolis.be,website
kinepolis.biz,website
kinepolis.ch,website
kinepolis.com,website
kinepolis.es,website
kinepolis.fr,website
kinepolis.lu,website
kinepolis.nl,website
kinepolisempresas.com,website
megatix.be,website
tempo-team.be,tempo-team
tempo-team.com,tempo-team
tempo-team.nl,tempo-team
intigriti.io,junexsschallenge
suivo.com,suivoweb
belgianmobileid.be,itsme
itsme.be,itsme
sixdots.be,itsme
gulp-shop.de,gulp
gulp.ch,gulp
gulp.com,gulp
gulp.de,gulp
tendertracker.de,gulp
arkane.network,arkanenetwork
kuleuven.be,accessrouter
vznkul.be,ehealthhub&meta-hubvznkul
cadelam.be,privatebankdelen
cadelux.lu,privatebankdelen
delen.be,privatebankdelen
delen.ch,privatebankdelen
delen.digital,privatebankdelen
delen.lu,privatebankdelen
oyens.com,privatebankdelen
brusselsairlines.com,website
onespan.cloud,tmp
das.eu,eurid
dns.eu,eurid
eurid.eu,eurid
nic.eu,eurid
registry.eu,eurid
whois.eu,eurid
sentiance.com,sentiance
tweakblogs.net,tweakers
tweakers.net,tweakers
tweakimg.net,tweakers
military.com,monsterworldwide
monster.at,monsterworldwide
monster.be,monsterworldwide
monster.ca,monsterworldwide
monster.ch,monsterworldwide
monster.co.uk,monsterworldwide
monster.com,monsterworldwide
monster.cz,monsterworldwide
monster.de,monsterworldwide
monster.dk,monsterworldwide
monster.es,monsterworldwide
monster.eu,monsterworldwide
monster.fi,monsterworldwide
monster.fr,monsterworldwide
monster.hu,monsterworldwide
monster.ie,monsterworldwide
monster.it,monsterworldwide
monster.lu,monsterworldwide
monster.no,monsterworldwide
monster.pt,monsterworldwide
monster.se,monsterworldwide
monsterboard.nl,monsterworldwide
monsterpolska.pl,monsterworldwide
nexuzhealth.be,nexuzhealthwebpacs
bpost.be,bpost2
bpost2.be,bpost2
acorns.com,acorns
acorns.com,acorns
acorns.com,acorns
acorns.com,acorns
acorns.com,acorns
arkoselabs.com,arkose-labs
arkoselabs.com,arkose-labs
arkoselabs.com,arkose-labs
arlo.com,arlo
arlo.com,arlo
arlo.com,arlo
arlo.com,arlo
arlo.com,arlo
atlassian.com,atlassian
atlassian.com,atlassian
atlassian.com,atlassian
better.com,better
better.com,better
better.com,better
bigbank.lv,bigbank
bigbank.ee,bigbank
bigbank.eu,bigbank
bigbank.ee,bigbank
bigbank.lv,bigbank
bigbank.lv,bigbank
bigbank.eu,bigbank
bigbank.fi,bigbank
bigbank.eu,bigbank
bigbank.eu,bigbank
bigbank.lt,bigbank
bigbank.ee,bigbank
bigbank.lt,bigbank
bigbank.lt,bigbank
bigbank.ee,bigbank
bigbank.ee,bigbank
bigbank.fi,bigbank
bigbank.lt,bigbank
binance.com,binance
binance.org,binance
binance.org,binance
binance.com,binance
binance.co.ug,binance
binance.je,binance
binance.sg,binance
binance.us,binance
https://github.com/binance-chain/bep3-deputy,binance
https://github.com/binance-chain/bep3-smartcontracts,binance
https://github.com/binance-chain/ledger-app-binance,binance
https://github.com/binance-chain/tss-lib,binance
https://github.com/trustwallet/wallet-core/,binance
bitdefender.com,bitdefender
bitdefender.net,bitdefender
bitdiscovery.com,bitdiscovery
assetinventory.bugcrowd.com,bitdiscovery
blendlabs.com,blend-vdp
blend.com,blend-vdp
bluejeans.com,bluejeans
bluejeans.com,bluejeans
bluejeans.com,bluejeans
bluejeans.com,bluejeans
bluejeans.com,bluejeans
bluejeans.com,bluejeans
bluejeans.com,bluejeans
boozt.com,boozt-og
booztlet.com,boozt-og
api.bugcrowd.com,bugcrowd
bugcrowd.com,bugcrowd
tracker.bugcrowd.com,bugcrowd
caffeine.tv,caffeine
caffeine.tv,caffeine
caffeine.tv,caffeine
caffeine.tv,caffeine
caffeine.tv,caffeine
caffeine.tv,caffeine
caffeine.tv,caffeine
caffeine.tv,caffeine
caffeine.tv,caffeine
centrify.com,centrify
centrify.com,centrify
centrify.com,centrify
ikarem.io,ciscomeraki
meraki.com,ciscomeraki
network-auth.com,ciscomeraki
cisco.com,ciscomeraki
cloudinary.com,cloudinary
cloudinary.com,cloudinary
cloudinary.com,cloudinary
cloudinary.com,cloudinary
comcast.com,comcastvdp
xfinity.com,comcastvdp
comcast.com,comcastvdp
tripit.com,concur
creditkarma.com,creditkarma
creditkarma.com,creditkarma
creditkarma.com,creditkarma
creditkarma.com,creditkarma
creditkarma.com,creditkarma
creditkarma.com,creditkarma
creditkarma.ca,creditkarma
boomi.com,dell
dell.com,dell
dellemc.com,dell
delltechnologies.com,dell
emc.com,dell
rsa.com,dell
rsaconference.com,dell
secureworks.com,dell
directly.com,directly
directly.com,directly
http://directly.github.io/demosite/qa/rtm/sandbox.html,directly
directly.com,directly
etsy.com,etsy
etsy.com,etsy
etsypayments.com,etsy
etsy.com,etsy
driveuconnect.com,fca
driveuconnect.eu,fca
files.com,files
files.com,files
files.com,files
files.com,files
fitbit.com,fitbit
fitbit.com,fitbit
fitbit.com,fitbit
fitstar.com,fitbit
fitbit.com,fitbit
fitbit.com,fitbit
fitbit.com,fitbit
fitbit.com,fitbit
fitbit.com,fitbit
foxycart.com,foxycart
foxycart.com,foxycart
foxycart.com,foxycart
foxycart.com,foxycart
https://github.com/freedomofpress/securedrop,freedomofpress
https://github.com/freedomofpress/securedrop-client,freedomofpress
https://github.com/freedomofpress/securedrop-debian-packaging,freedomofpress
https://github.com/freedomofpress/securedrop-export,freedomofpress
https://github.com/freedomofpress/securedrop-log,freedomofpress
https://github.com/freedomofpress/securedrop-proxy,freedomofpress
https://github.com/freedomofpress/securedrop-sdk,freedomofpress
https://github.com/freedomofpress/securedrop-workstation,freedomofpress
gojekapi.com,gojek
gojek.co.id,gojek
gusto-demo.com,gusto
gusto-demo.com,gusto
gusto-demo.com,gusto
bugcrowd.com,hackme
healthifyme.com,healthifyme
hs-sites.com,hubspot
hubapi.com,hubspot
hubspot.com,hubspot
hubspot.net,hubspot
growth.org,hubspot
humblebundle.com,humblebundle
ibotta.com,ibotta
android.com,ibotta
ibops.net,ibotta
ibops.net,ibotta
ibotta.com,ibotta
ibops.net,ibotta
ibops.net,ibotta
ibotta.com,ibotta
ibotta.com,ibotta
indeed.com,indeed
intercom.io,intercom
intercom.io,intercom
muz.li,invision
invisionapp.com,invision
isc2.org,isc2
isc2.org,isc2
isc2.org,isc2
iamcybersafe.org,isc2
keepersecurity.com,keepersecurity
keepersecurity.eu,keepersecurity
kennasecurity.com,kennasecurity
kennasecurity.com,kennasecurity
kennasecurity.com,kennasecurity
lastpass.com,lastpass
lime.bike,lime
limeinternal.com,lime
lime.bike,lime
limeinternal.com,lime
lime.bike,lime
limeinternal.com,lime
lime.bike,lime
lime.bike,lime
limeinternal.com,lime
limeinternal.com,lime
lime.bike,lime
lime.bike,lime
mailgun.net,mailgun
mailjet.com,mailgun
mailgun.com,mailgun
mailjet.com,mailgun
mailjet.com,mailgun
mailgun.com,mailgun
mailgun.com,mailgun
mailjet.com,mailgun
mastercard.com,mastercard
mastercard.com,mastercard
mastercard.com,mastercard-vdp
mastercard.com,mastercard-vdp
mastercard.com,mastercard-vdp
mastercard.com,mastercard-vdp
bezcenneniespodzianki.pl,mastercard-vdp
mastercard.com,mastercard-vdp
mastercard.com,mastercard-vdp
citypossible.com,mastercard-vdp
mastercard.com,mastercard-vdp
mastercard.com,mastercard-vdp
mastercard.com.au,mastercard-vdp
mastercard.com,mastercard-vdp
mastercard.com,mastercard-vdp
priceless.com,mastercard-vdp
priceless.com,mastercard-vdp
mastercard.com,mastercard-vdp
mastercard.com,mastercard-vdp
mastercard.com,mastercard-vdp
mastercard.com,mastercard-vdp
investmentmojo.com,mastercard-vdp
mastercard.com.br,mastercard-vdp
mastercard.com,mastercard-vdp
mastercard.com,mastercard-vdp
mastercard-lounge.cz,mastercard-vdp
mastercardbiz.com,mastercard-vdp
mastercard.com,mastercard-vdp
mastercard.com,mastercard-vdp
mastercard.co.za,mastercard-vdp
mastercard.com,mastercard-vdp
mastercard.com,mastercard-vdp
no-minimums.com.au,mastercard-vdp
mastercard.com,mastercard-vdp
mastercard.com,mastercard-vdp
priceless.com,mastercard-vdp
mastercard.com,mastercard-vdp
priceless.com,mastercard-vdp
priceless.com,mastercard-vdp
priceless.com,mastercard-vdp
priceless.com,mastercard-vdp
pricelessspecials.nl,mastercard-vdp
pricelesssurprises.com,mastercard-vdp
mastercard.com,mastercard-vdp
mastercard.com,mastercard-vdp
mastercard.com,mastercard-vdp
mastercard.com,mastercard-vdp
taptotokyo.com,mastercard-vdp
tasteofpremium.jp,mastercard-vdp
mastercard.com,mastercard-vdp
priceless.com,mastercard-vdp
mastercard.com,mastercard-vdp
mastercardbiz.ca,mastercard-vdp
mastercard.com,mastercard-vdp
mastercard.com,mastercard-vdp-ext
mastercard.com,mastercard-vdp-ext
mastercard.com,mastercard-vdp-ext
mastercard.com,mastercard-vdp-ext
mastercard.com,mastercard-vdp-ext
mastercard.com,mastercard-vdp-ext
mastercard.com,mastercard-vdp-ext
mastercard.com,mastercard-vdp-ext
mastercard.com,mastercard-vdp-ext
mastercard.com,mastercard-vdp-ext
mastercard.com,mastercard-vdp-ext
mastercard.com,mastercard-vdp-ext
mastercard.com,mastercard-vdp-ext
mastercard.com,mastercard-vdp-ext
mastercard.com,mastercard-vdp-ext
mastercard.com,mastercard-vdp-ext
mastercard.com,mastercard-vdp-ext
mastercard.com,mastercard-vdp-ext
mastercard.com,mastercard-vdp-ext
getmoneytree.com,moneytreekkog
getmoneytree.com,moneytreekkog
getmoneytree.com,moneytreekkog
getmoneytree.com,moneytreekkog
moneytree.jp,moneytreekkog
moneytree.jp,moneytreekkog
moneytree.jp,moneytreekkog
naspers.co,naspers
naspers.co.in,naspers
naspers.com,naspers
naspers.fr,naspers
naspers.us,naspers
naspersventures.com,naspers
prosus.com,naspers
nflxext.com,netflix
nflximg.net,netflix
nflxso.net,netflix
nflxvideo.net,netflix
netflix.com,netflix
netflix.com,netflix
netflix.com,netflix
netflix.com,netflix
netflix.com,netflix
netflix.com,netflix
netflix.com,netflix
netflix.com,netflix
netflix.com,netflix
netflix.com,netflix
netflix.com,netflix
netflix.com,netflix
netflix.com,netflix
netflix.com,netflix
netgear.com,netgear
netgear.com,netgear
oktapreview.com,okta
oktapreview.com,okta
opsgeni.us,opsgenie
opsgeni.us,opsgenie
opsgeni.us,opsgenie
optimizely.com,optimizely
optimizely.com,optimizely
optimizely.com,optimizely
optimizely.com,optimizely
handmade.com,overstockvdp
overstock.com,overstockvdp
supplieroasis.com,overstockvdp
overstock.com,overstockvdp
http(s).,overstockvdp
overstock.com,overstockvdp
overstock.com,overstockvdp
https://github.com/OWASP/OWASPBugBounty/tree/master/CRSFGuard,owaspcrsfguard
https://github.com/OWASP/OWASPBugBounty/tree/master/JavaEncoder,owaspjavaencoder
https://github.com/OWASP/OWASPBugBounty/tree/master/JavaEncoder/war-files,owaspjavaencoder
https://github.com/OWASP/OWASPBugBounty/tree/master/JavaHTMLSanitizer/war-files,owaspjavasanitizer
zaproxy.org,owaspzap
pantheon.io,pantheon
pcapcloud.com,personalcapital
pinterest.com,pinterest
planethoster.net,planethosterinc
n0c.com,planethosterinc
planethoster.com,planethosterinc
planethoster.net,planethosterinc
planethoster.com,planethosterinc
purevpn.com,purevpn
purevpn.com,purevpn
purevpn.com,purevpn
purevpn.com,purevpn
realself.com,realself
realself.com,realself
realself.com,realself
realself.com,realself
realself.com,realself
realself.com,realself
realself.com,realself
realself.com,realself
realself.com,realself
realself.com,realself
realself.com,realself
realself.com,realself
realself.com,realself
realself.com,realself
realself.com,realself
redoxengine.com,redox
redoxengine.com,redox
redoxengine.com,redox
redoxengine.com,redox
redoxengine.com,redox
redoxengine.com,redox
redoxengine.com,redox
redoxengine.com,redox
redoxengine.com,redox
redoxengine.com,redox
aips-internal.com,seek
aips-services.com,seek
certsy.com,seek
certsynonprod.com,seek
jobapi.io,seek
jobapi.net,seek
myseek.xyz,seek
outfra.xyz,seek
seek.com,seek
seek.com.au,seek
skinfra.xyz,seek
sol-data.com,seek
seekcdn.com,seek
segment.io,segment
segment.com,segment
skyscanner.net,skyscanner
skyscanner.net,skyscanner
skyscanner.net,skyscanner
skyscanner.net,skyscanner
skyscanner.net,skyscanner
test-socrata.com,socrata
test-socrata.com,socrata
astaro.at,sophos
astaro.ch,sophos
astaro.com,sophos
astaro.de,sophos
astaro.info,sophos
astaro.net,sophos
astaro.org,sophos
cyberoam.com,sophos
fw-notify.net,sophos
hitmanpro.com,sophos
hitmanpro.nl,sophos
mojave.net,sophos
myastaro.com,sophos
reflexion.net,sophos
sophos.com,sophos
surfright.nl,sophos
uservoice.com,sophos
phishthreat.com,sophos
repostnetwork.com,soundcloud
soundcloud.com,soundcloud
soundcloud.com,soundcloud
soundcloud.com,soundcloud
soundcloud.com,soundcloud
soundcloud.com,soundcloud
repostnetwork.com,soundcloud
soundcloud.com,soundcloud
soundcloud.com,soundcloud
soundcloudmail.com,soundcloud
soundcloud.com,soundcloud
sproutsocial.com,sproutsocial
sproutsocial.com,sproutsocial
sproutsocial.com,sproutsocial
getbambu.com,sproutsocial
sproutsocial.com,sproutsocial
simplymeasured.com,sproutsocial
sproutsocial.com,sproutsocial
sproutsocial.com,sproutsocial
sproutsocial.com,sproutsocial
sproutsocial.com,sproutsocial
sproutsocial.com,sproutsocial
sproutsocial.com,sproutsocial
square.com,square
squareup.com,square
https://github.com/square/ghostunnel,squareopensource
https://github.com/square/git-fastclone,squareopensource
https://github.com/square/go-jose,squareopensource
https://github.com/square/js-jose,squareopensource
https://github.com/square/keysync,squareopensource
https://github.com/square/keywhiz,squareopensource
https://github.com/square/keywhiz-fs,squareopensource
https://github.com/square/okhttp,squareopensource
https://github.com/square/okio,squareopensource
https://github.com/square/pam_krb_cache,squareopensource
https://github.com/square/rails-auth,squareopensource
https://github.com/square/retrofit,squareopensource
https://github.com/square/squalor,squareopensource
https://github.com/square/sudo_pair,squareopensource
https://github.com/square/valet,squareopensource
https://github.com/square/wire,squareopensource
serverdensity.io,stackpath
stackpath.com,stackpath
maxcdn.com,stackpath
serverdensity.io,stackpath
highwinds.com,stackpath
statuspage.io,statuspage
statuspage.io,statuspage
citymeal.com,takeaway
lieferando.at,takeaway
lieferando.de,takeaway
pyszne.pl,takeaway
scoober.com,takeaway
takeaway.com,takeaway
thuisbezorgd.nl,takeaway
yourdelivery.de,takeaway
takeaway.com,takeaway
alditalk-kundenbetreuung.de,telefonicavdp
ayyildiz.de,telefonicavdp
base.de,telefonicavdp
blau.de,telefonicavdp
einfachprepaid.de,telefonicavdp
o2.com,telefonicavdp
fonic-mobile.de,telefonicavdp
fonic.de,telefonicavdp
k-classic-mobil.de,telefonicavdp
o2service.de,telefonicavdp
aetkasmart.de,telefonicavdp
simfinity.de,telefonicavdp
nettokom.de,telefonicavdp
netzclub.net,telefonicavdp
norma-mobil.de,telefonicavdp
o2.de,telefonicavdp
o2business.de,telefonicavdp
o2online.de,telefonicavdp
o2service.de,telefonicavdp
o2spin.de,telefonicavdp
ortelmobile.de,telefonicavdp
o2service.de,telefonicavdp
blauworld.de,telefonicavdp
telefonica.de,telefonicavdp
turkei-sim.de,telefonicavdp
whatsappsim.de,telefonicavdp
o2.com,telefonicavdp
tesla.cn,tesla
tesla.com,tesla
tesla.services,tesla
teslamotors.com,tesla
transferwise.com,transferwise
github.com/transferwise,transferwise
transferwise.com,transferwise
trello.services,trello
trello.com,trello
butlerfortrello.com,trello
trello.com,trello
authy.com,twilio
twilio.com,twilio
twilio.com,twilio
twilio.com,twilio
twilio.com,twilio
twilio.com,twilio
twilio.com,twilio
myfitnesspal.com,underarmour
underarmour.com,underarmour
endomondo.com,underarmour
mapmyfitness.com,underarmour
mapmyride.com,underarmour
mapmyrun.com,underarmour
mapmywalk.com,underarmour
myfitnesspal.com,underarmour
underarmour.co.uk,underarmour
underarmour.com,underarmour
ua.com,underarmour
unilever.com,unilever-vdp
upwork.com,upwork
upwork.com,upwork
upwork.com,upwork
usaa.com,usaa
usaa.com,usaa
usaa.com,usaa
vonage.com,vonage
westernunion.com,westernunion
westernunion.com,westernunion
westernunion.com,westernunion
westernunion.com,westernunion
westernunion.com,westernunion
westernunion.com,westernunion
westernunion.com,westernunion
westernunionbank.com,westernunion
westernunion.com,westernunion
westernunion.com,westernunion
westernunion.com,westernunion
westernunion.com,westernunion
westernunion.com,westernunion
westernunion.com,westernunion
westernunion.com,westernunion
westernunion.com,westernunion
westernunion.com,westernunion
westernunion.com,westernunion
westernunion.com,westernunion
westernunion.com,westernunion
westernunion.com,westernunion
westernunion.com,westernunion
westernunionbank.com,westernunion
westernunion.com,westernunion
westernunion.at,westernunion
westernunion.be,westernunion
westernunion.ca,westernunion
westernunion.ch,westernunion
westernunion.co.nz,westernunion
westernunion.co.uk,westernunion
westernunion.com,westernunion
westernunion.com.au,westernunion
westernunion.de,westernunion
westernunion.dk,westernunion
westernunion.ee,westernunion
westernunion.es,westernunion
westernunion.fi,westernunion
westernunion.fr,westernunion
westernunion.gr,westernunion
westernunion.ie,westernunion
westernunion.it,westernunion
westernunion.lu,westernunion
westernunion.nl,westernunion
westernunion.no,westernunion
westernunion.pl,westernunion
westernunion.pt,westernunion
westernunion.se,westernunion
westernunion.com,westernunion
westernunion.com,westernunion
westernunion.com,westernunion
westernunion.com,westernunion
westernunion.com,westernunion
westernunion.com,westernunion
westernunion.com,westernunion
westernunion.com,westernunion
westernunion.com,westernunion
westernunion.com,westernunion
westernunion.com,westernunion
westernunion.com,westernunion
wuedge.com,westernunion
studiopress.com,wpengine
wpengine.io,wpengine
wpesvc.net,wpengine
wpengine.com,wpengine
wpengine.com,wpengine
studiopress.blog,wpengine
wpengine.com,wpengine
comcast.net,xfinity-home
comcast.net,xfinity-home
xfinity.com,xfinity-home
codebig2.net,xfinity-home
xfinity.com,xfinity-home
xfinity.com,xfinity-home
orc-xfi.com,xfinity-home
xfinity.com,xfinity-home
xfinity.com,xfinity-home
xfinity.com,xfinity-home
comcast.net,xfinity-home
codebig2.net,xfinity-home
youneedabudget.com,ynab
zilliqa.com,zilliqa
https://github.com/Zilliqa/staking-contract,zilliqa
zilliqa.com,zilliqa
learnscilla.com,zilliqa
zynga.com,zynga-vdp
zyngagames.com,zynga-vdp
airbnb.com,airbnb
airbnbcitizen.com,airbnb
atairbnb.com,airbnb
withairbnb.com,airbnb
byairbnb.com,airbnb
muscache.com,airbnb
airbnb-aws.com,airbnb
luxuryretreats.com,airbnb
luckeyhomes.com,airbnb
luckey.fr,airbnb
luckey.app,airbnb
luckey.in,airbnb
urbandoor.com,airbnb
hoteltonight-test.com,airbnb
luckey.partners,airbnb
airtable.com,airtable
staging-airtableblocks.com,airtable
algolia.com,algolia
algolia.net,algolia
algolianet.com,algolia
lazada.sg,alibaba
cainiao.com,alibaba
alibaba.com,alibaba
aliexpress.com,alibaba
taobao.com,alibaba
tmall.com,alibaba
aliyun.com,alibaba
alibabacloud.com,alibaba
1688.com,alibaba
dingtalk.com,alibaba
alibaba-inc.com,alibaba
aliyun-inc.com,alibaba
alibabagroup.com,alibaba
alimama.com,alibaba
allegrosandbox.pl,allegro
augur.net,augurproject
tumblr.com,automattic
umblr.com,automattic
txmblr.com,automattic
backblaze.com,backblaze
backblazeb2.com,backblaze
binary.com,binary
bitaccessbtm.com,bitaccess
faa.st,bitaccess
bitmex.com,bitmex
blockchain.com,blockchain
blockchain.info,blockchain
bmw.de,bmwgroup
mini.de,bmwgroup
bmw-motorrad.de,bmwgroup
basicattentiontoken.org,brave
brave.com,brave
casper.com,casper
casper.tools,casper
github.com,celo
celo.org,celo
chain.link,chainlink
smartcontract.com,chainlink
chaturbate.com,chaturbate
highwebmedia.com,chaturbate
securegatewayaccess.com,chaturbate
coda.io,coda_bbp
coinbase.com,coinbase
cbhq.net,coinbase
paradex.io,coinbase
creditkarma.com,creditkarma
creditkarma.ca,creditkarma
crowdstrike.com,crowdstrike
crowdstrike.org,crowdstrike
reverse.it,crowdstrike
falcon-sandbox.com,crowdstrike
hybrid-analysis.com,crowdstrike
crypto.com,crypto
mona.co,crypto
imaginecurve.com,curve
curve.com,curve
curve.app,curve
dashlane.com,dashlane
datastax.com,datastax
deliveroo-data.net,deliveroo
deliveroo-data.io,deliveroo
deliveroo-data-test.io,deliveroo
deliveroo-streams.net,deliveroo
dropbox.com,dropbox
hellosign.com,dropbox
helloworks.com,dropbox
dropboxforum.com,dropbox
eobot.com,eobotcom
fdbox.net,fanduel
fanduel.com,fanduel
fanduel.design,fanduel
files.com,files
filezilla-project.org,filezilla
flickr.com,flickr
forescoutcloud.net,forescout_technologies
forescout.com,forescout_technologies
ForescoutCloud.net,forescout_technologies
amazonaws.com,forescout_technologies
fortmatic.com,fortmatic_inc
magic.link,fortmatic_inc
GitHub.com,github
github.com,github
githubapp.com,github
github.net,github
semmle.net,github
semmle.com,github
gitlab.com,gitlab
gitter.im,gitlab
glassdoor.com,glassdoor
goldmansachs.com,goldmansachs
gs.com,goldmansachs
goldman.com,goldmansachs
marcus.com,goldmansachs
honestdollar.com,goldmansachs
marcus.co.uk,goldmansachs
gsam.com,goldmansachs
gsselect.com,goldmansachs
goldmansachsindices.com,goldmansachs
ayco.com,goldmansachs
rocaton.com,goldmansachs
gspublishing.com,goldmansachs
claritymoney.com,goldmansachs
goodrx.com,goodrx
myteksi.com,grab
myteksi.net,grab
grab.com,grab
grabtaxi.com,grab
grab.co,grab
grabpay.com,grab
grab.careers,grab
grammarly.com,grammarly
grammarly.io,grammarly
grammarly.net,grammarly
grammarly.ai,grammarly
greenhouse.io,greenhouse
harvestapp.com,harvest
forecastapp.com,harvest
getharvest.com,harvest
helium.com,helium
helium.systems,helium
hyatt.com,hyatt
iandunn.name,iandunn-projects
innogames.com,innogames
innogames.de,innogames
forgeofempires.com,innogames
igpayment.com,innogames
elvenar.com,innogames
grepolis.com,innogames
tribalwars.cash,innogames
insolar.io,insolar
rsk.co,iovlabs
irccloud.com,irccloud
irccloud-cdn.com,irccloud
unibet.com,kindred_group
storspiller.com,kindred_group
bingo.com,kindred_group
mariacasino.com,kindred_group
kolikkopelit.com,kindred_group
casinohuone.com,kindred_group
igame.com,kindred_group
k8s.io,kubernetes
kubernetes.io,kubernetes
github.io,kubernetes
liberapay.com,liberapay
liberapay.org,liberapay
lifeomic.com,lifeomic
jupiterone.io,lifeomic
line.me,line
line-apps.com,line
naver.jp,line
livestream.com,livestream
lob.com,lob
lob-assets.com,lob
lahitapiola.fi,localtapiola
tapiola.fi,localtapiola
lahitapiolarahoitus.fi,localtapiola
lyst.com,lyst
lystit.com,lyst
lyst.co,lyst
magento.com,magento
magentocommerce.com,magento
magentolive.com,magento
magento.cloud,magento
magisto.com,magisto
makerdao.com,makerdao_bbp
mapbox.com,mapbox
innocraft.cloud,matomo
maximum.nl,maximum
werkenbijdefensie.nl,maximum
werkenbijderet.nl,maximum
werkenbijbakertilly.nl,maximum
evonik.com,maximum
devmaximum.com,maximum
moneybird.com,moneybird
moneybirdstorage.com,moneybird
tkn.zone,monolith
newrelic.com,newrelic
nextcloud.com,nextcloud
nordvpn.com,nordvpn
github.com,oasis_protocol_foundation
oasiscloud.io,oasis_protocol_foundation
ok.ru,ok
tamtam.chat,ok
ok.me,ok
omise.co,omise
open-xchange.com,open-xchange
betfair.com,paddypowerbetfair
paddypower.com,paddypowerbetfair
betfair.es,paddypowerbetfair
betfair.it,paddypowerbetfair
betfair.ro,paddypowerbetfair
betfair.se,paddypowerbetfair
paddypower.it,paddypowerbetfair
xoom.com,paypal
paypal.com,paypal
braintreegateway.com,paypal
paydiant.com,paypal
venmo.com,paypal
paypalobjects.com,paypal
paypal.me,paypal
py.pl,paypal
braintreepayments.com,paypal
braintree-api.com,paypal
braintree.tools,paypal
swiftfinancial.com,paypal
swiftcapital.com,paypal
loanbuilder.com,paypal
pingone.com,pingidentity
booth.pm,pixiv
pixiv.net,pixiv
vroid.com,pixiv
plaid.com,plaid
playstation.net,playstation
sonyentertainmentnetwork.com,playstation
playstation.com,playstation
pornhub.com,pornhub
pornhubpremium.com,pornhub
portswigger.net,portswigger
web-security-academy.net,portswigger
postmates.com,postmates
priceline.com,priceline
rezserver.com,priceline
bookingholdings.com,priceline
qiwi.com,qiwi
qiwi.me,qiwi
sovest.ru,qiwi
rapida.ru,qiwi
contact-sys.com,qiwi
rocketbank.ru,qiwi
flocktory.com,qiwi
quantopian.com,quantopian
dynoquant.com,quantopian
quantshack.com,quantopian
quora.com,quora
recarga.com,recargapay
recargapay.com.br,recargapay
robinhood.com,robinhood
roblox.com,roblox
rbx.com,roblox
rockstargames.com,rockstargames
lifeinvader.com,rockstargames
rockstarnorth.com,rockstargames
rubygems.org,rubygems
savedroid.de,savedroid
savedroid.com,savedroid
gobitcoinking.com,savedroid
secnews.gr,secnews
hackerone.com,security
amazonaws.com,security
hackerone.net,security
hackerone-ext-content.com,security
hackerone-user-content.com,security
hacker101.com,security
semrush.com,semrush
berush.com,semrush
labs-semrush.com,semrush
shipt.com,shipt
myshopify.com,shopify
shopify.com,shopify
shopifykloud.com,shopify
exchangemarketplace.com,shopify
showmax.com,showmax
slack.com,slack
slackb.com,slack
smartsheet.com,smartsheet
snapchat.com,snapchat
bitmoji.com,snapchat
bitstrips.com,snapchat
scan.me,snapchat
spectacles.com,snapchat
spotify.com,spotify
spotify.net,spotify
spotifyforbrands.com,spotify
backstage.io,spotify
starbucks.co.jp,starbucks
starbucks.com.cn,starbucks
starbucks.de,starbucks
starbucks.fr,starbucks
starbucks.co.uk,starbucks
starbucks.com.br,starbucks
starbucks.ca,starbucks
starbucks.com,starbucks
istarbucks.co.kr,starbucks
starbucks.com.sg,starbucks
teavana.com,starbucks
starbucksreserve.com,starbucks
github.com,tronfoundation
trustpilot.com,trustpilot
cloud.gov,tts
data.gov,tts
github.com,tts
login.gov,tts
usa.gov,tts
18f.gov,tts
code.gov,tts
fedramp.gov,tts
search.gov,tts
vote.gov,tts
gsa.gov,tts
tube8.com,tube8
tube8.fr,tube8
tube8.es,tube8
twitter.com,twitter
vine.co,twitter
periscope.tv,twitter
pscp.tv,twitter
twimg.com,twitter
gnip.com,twitter
mopub.com,twitter
niche.co,twitter
snappytv.com,twitter
twitterflightschool.com,twitter
ubnt.com,ui
ui.com,ui
unikrn.com,unikrn
unikoingold.com,unikrn
pinion.gg,unikrn
upserve.com,upserve
breadcrumb.com,upserve
swipely.com,upserve
cloudfront.net,upserve
amazonaws.com,upserve
vulnerbug.com,upserve
urbandictionary.com,urbandictionary
urbandictionary.net,urbandictionary
urbandictionary.biz,urbandictionary
github.io,urbandictionary
urbandictionary.org,urbandictionary
ud.wtf,urbandictionary
udimg.com,urbandictionary
urbandictionary.blog,urbandictionary
urbanup.com,urbandictionary
urbandictionary.store,urbandictionary
dota2.com,valve
steampowered.com,valve
valvesoftware.com,valve
steamgames.com,valve
steamcommunity.com,valve
teamfortress.com,valve
counter-strike.net,valve
playartifact.com,valve
vanillaforums.com,vanilla
vanillacommunities.com,vanilla
vanillastaging.com,vanilla
vanilladevelopment.com,vanilla
yahoo.com,verizonmedia
yahooapis.com,verizonmedia
vhx.tv,vhx
vimeo.com,vimeo
vimeopro.com,vimeo
magisto.com,vimeo
vismaonline.com,visma
visma.com,visma
workbox.dk,visma
wordpress.org,wordpress
wordcamp.org,wordpress
doaction.org,wordpress
buddypress.org,wordpress
wordpressfoundation.org,wordpress
wordpress.net,wordpress
mi.com,xiaomi
xiaomi.com,xiaomi
miui.com,xiaomi
xiaomiyoupin.com,xiaomi
miwifi.com,xiaomi
yelp.com,yelp
yelpreservations.com,yelp
yelp-support.com,yelp
nowait.com,yelp
yelpwifi.com,yelp
zendesk.com,zendesk
znly.co,zenly
zen.ly,zenly
zomato.com,zomato
zdev.net,zomato
zomatobook.com,zomato
